"marker","chr","pos"
"B6_01-074963079-S","1",35.05
"B6_03-120369799-S","3",47.408
"B6_rs30314218","6",18.069
"B6_rs30447436","19",36.186
"DIV070032510","7",11.3995
"gB6_rs13481676","13",0.545
"gB6_rs29158719","12",0.766
"gsanger2874q","4",45.2505
"mB6_03-120369799-S","3",47.408
"mbackupUNC050223582","5",59.197
"mrepB6_07-148007489-S","7",75.826
"mUNC060379499","6",25.206
"mUNC060379499b","6",25.206
"mUNC070560009","7",58.571
"mUNC080532671","8",48.682
"mUNC080608530","8",45.177
"mUNC080608530b","8",45.177
"mUNC130093808","13",29.94
"S6J010381992","1",0.911
"S6J011498219","1",13
"S6J011558924","1",14.36
"S6J013019470","1",35.248
"S6J013139471","1",36.49
"S6J013178782","1",36.811
"S6J013624374","1",41.462
"S6J013976867","1",45.4745
"S6J015057187","1",51.6755
"S6J015452108","1",55.894
"S6J016375332","1",65.298
"S6J016433395","1",66.324
"S6J016707095","1",70.3225
"S6J017252720","1",78.359
"S6J017555686","1",85.404
"S6J020446834","2",4.705
"S6J020782084","2",9.243
"S6J021408007","2",19.477
"S6J021689509","2",21.465
"S6J024630823","2",51.5475
"S6J025539200","2",61.9225
"S6J026395397","2",72.128
"S6J026413436","2",72.69
"S6J030852497","3",4.774
"S6J031696725","3",17.191
"S6J032196596","3",23.3665
"S6J032449077","3",26.035
"S6J032571692","3",26.7295
"S6J034107260","3",39.1365
"S6J034128520","3",39.36
"S6J034218983","3",40.739
"S6J034303255","3",41.306
"S6J035325488","3",56.1
"S6J035852681","3",65.116
"S6J035866443","3",65.6605
"S6J036281282","3",73.784
"S6J042147777","4",23.349
"S6J042168044","4",23.9455
"S6J042655196","4",29.2445
"S6J043337572","4",33.6955
"S6J043436429","4",34.82
"S6J043909105","4",39.858
"S6J045946472","4",67.4505
"S6J050685107","5",3.946
"S6J052074566","5",22.215
"S6J052176430","5",25.0685
"S6J062005622","6",22.01
"S6J062379509","6",25.853
"S6J062459709","6",26.093
"S6J062852014","6",28.4545
"S6J064646767","6",50.7585
"S6J065910866","6",71.451
"S6J070258813","7",1.016
"S6J071371768","7",11.5115
"S6J072200915","7",24.808
"S6J072489609","7",27.119
"S6J072575000","7",27.5835
"S6J072677510","7",28.6685
"S6J072820039","7",32.018
"S6J073089621","7",36.123
"S6J073692294","7",42.755
"S6J074222072","7",46.4155
"S6J075004746","7",58.0515
"S6J075080546","7",60.112
"S6J080328477","8",0.3905
"S6J080406325","8",1.4095
"S6J080525021","8",2.6135
"S6J081163883","8",11.0405
"S6J083818594","8",41.6025
"S6J084270812","8",47.7145
"S6J085066393","8",66.2815
"S6J090641250","9",3.3675
"S6J090858005","9",4.7595
"S6J091131951","9",7.685
"S6J093656703","9",42.785
"S6J094284048","9",50.963
"S6J094800676","9",63.571
"S6J100189269","10",0
"S6J100721919","10",4.2515
"S6J102311553","10",23.2355
"S6J102889733","10",31.6575
"S6J102991560","10",32.1685
"S6J103082397","10",32.7395
"S6J103201949","10",33.719
"S6J103332873","10",34.877
"S6J104602316","10",53.104
"S6J104761552","10",56.9945
"S6J104837990","10",60.487
"S6J105101847","10",64.65
"S6J110191048","11",0.4045
"S6J110260176","11",1.8595
"S6J110389079","11",3.7815
"S6J111222088","11",14.492
"S6J112266152","11",29.8165
"S6J112282731","11",30.1245
"S6J112616951","11",36.029
"S6J112684967","11",36.6445
"S6J113080150","11",41.302
"S6J113346640","11",45.829
"S6J113570150","11",47.9875
"S6J113809621","11",52.2055
"S6J113870710","11",53.161
"S6J114812271","11",74.5995
"S6J120471093","12",4.114
"S6J121014671","12",8.346
"S6J121093092","12",10.3415
"S6J121674531","12",18.735
"S6J121942437","12",20.641
"S6J124273346","12",51.497
"S6J130750563","13",3.9925
"S6J131158417","13",9.1375
"S6J132182752","13",25.7545
"S6J133316643","13",37.7485
"S6J133727668","13",41.9985
"S6J133756734","13",42.3005
"S6J133805358","13",43.2
"S6J134633595","13",60.4045
"S6J140902252","14",2.9175
"S6J141226279","14",7.45
"S6J141459177","14",10.7855
"S6J142226523","14",19.854
"S6J142803300","14",27.767
"S6J143659239","14",38.3995
"S6J143956235","14",42.046
"S6J144978233","14",57.28
"S6J150549351","15",3.7515
"S6J150609921","15",4.0845
"S6J150745211","15",4.496
"S6J150975217","15",5.447
"S6J153358796","15",33.865
"S6J153359312","15",33.865
"S6J153418410","15",35.0745
"S6J153454533","15",35.44
"S6J161470897","16",19.673
"S6J161597205","16",22.2525
"S6J161911764","16",25.148
"S6J162881072","16",35.148
"S6J170327543","17",2.4005
"S6J170482004","17",5.061
"S6J171730251","17",17.7885
"S6J171797435","17",18.9875
"S6J172520504","17",30.301
"S6J172710115","17",34.5075
"S6J173007682","17",40.4945
"S6J180575286","18",3.8165
"S6J180597934","18",4.1655
"S6J182162904","18",22.8585
"S6J182991262","18",40.207
"S6J183234400","18",44.87
"S6J190858799","19",9.2565
"S6J191815106","19",30.2975
"S6J191822723","19",30.3615
"S6J200459717","X",6.9205
"S6J201952187","X",20.4645
"S6J203523445","X",35.6265
"S6J203747996","X",36.5985
"S6J205319015","X",50.8185
"S6J205438929","X",53.222
"S6J205609960","X",56.634
"S6J206612631","X",69.075
"S6N072822714","7",32.0495
"S6N073556364","7",41.489
"S6R025996843","2",66.8905
"S6R075068618","7",60.021
"S6Y011657685","1",17.6775
"S6Y104696298","10",55.2855
"S6Y134188402","13",51.993
"S6Y171478801","17",16.492
"S6Y182851168","18",37.6475
"UNC030165183","3",40.989
"UNC030194728","3",48.485
"BCC072620402","7",27.9025
"BCC202519908","X",28.154
"D6J053987399","5",40.686
"D6R026313908","2",70.697
"D6Y010997455","1",7.4985
"D6Y016025239","1",59.469
"D6Y021560393","2",20.665
"D6Y025660561","2",62.67
"D6Y030724551","3",3.215
"D6Y045181459","4",53.981
"D6Y062798894","6",28.014
"D6Y064735368","6",52.3855
"D6Y074795138","7",54.102
"D6Y080143086","8",0.013
"D6Y080662288","8",4.36
"D6Y091850714","9",21.5085
"D6Y094934074","9",66.413
"D6Y101296811","10",13.794
"D6Y104003026","10",45.439
"D6Y111312904","11",15.685
"D6Y123420688","12",36.35
"D6Y130790706","13",4.623
"D6Y140990488","14",5.182
"D6Y143568306","14",37.884
"D6Y151327354","15",10.086
"D6Y154120499","15",53.937
"D6Y180495094","18",2.3285
"D6Y182651444","18",33.8915
"D6Y191228795","19",17.8195
"D6Y191967704","19",34.473
